{"cameraMode":{"drawMode":0,"name":"Shaded","section":"Shading Mode"},"sceneLighting":true,"audioPlay":false,"sceneViewState":{"showFog":true,"showMaterialUpdate":false,"showSkybox":true,"showFlares":true,"showImageEffects":true,"showParticleSystems":true},"in2DMode":false,"pivot":{"x":58.96641159057617,"y":282.700439453125,"z":99.69183349609375},"rotation":{"x":-0.12735025584697724,"y":-0.04163850471377373,"z":0.005350918509066105,"w":-0.9909690022468567},"size":976.6102294921875,"orthographic":false}