{"cameraMode":{"drawMode":0,"name":"Shaded","section":"Shading Mode"},"sceneLighting":true,"audioPlay":false,"sceneViewState":{"showFog":true,"showMaterialUpdate":false,"showSkybox":true,"showFlares":true,"showImageEffects":true,"showParticleSystems":true},"in2DMode":false,"pivot":{"x":834.4854125976563,"y":538.808349609375,"z":-83.0302734375},"rotation":{"x":-0.08420204371213913,"y":0.01345703937113285,"z":-0.0011375006288290024,"w":-0.9963572025299072},"size":1016.7413330078125,"orthographic":false}