{"cameraMode":{"drawMode":0,"name":"Shaded","section":"Shading Mode"},"sceneLighting":true,"audioPlay":false,"sceneViewState":{"showFog":true,"showMaterialUpdate":false,"showSkybox":true,"showFlares":true,"showImageEffects":true,"showParticleSystems":true},"in2DMode":false,"pivot":{"x":532.64013671875,"y":297.3919982910156,"z":78.81298828125},"rotation":{"x":0.1258622109889984,"y":-0.04225018620491028,"z":0.005364764481782913,"w":0.9911331534385681},"size":1414.703125,"orthographic":false}