{"cameraMode":{"drawMode":0,"name":"Shaded","section":"Shading Mode"},"sceneLighting":true,"audioPlay":false,"sceneViewState":{"showFog":true,"showMaterialUpdate":false,"showSkybox":true,"showFlares":true,"showImageEffects":true,"showParticleSystems":true},"in2DMode":false,"pivot":{"x":1129.13330078125,"y":374.07147216796877,"z":8.857421875},"rotation":{"x":0.03330548480153084,"y":-0.005099471192806959,"z":0.00016943126684054732,"w":0.9994322061538696},"size":1149.7987060546875,"orthographic":false}